{"epoch": 10, "train loss": 0.05232035741209984, "valid loss": 0.12215305119752884, "train accuracy": 0.9868, "valid accuracy": 0.9628, "_timestamp": 1711587108.687135, "_runtime": 88.38155007362366, "_step": 10, "time": 3.965670108795166, "_wandb": {"runtime": 89}}