{"epoch": 10, "train loss": 2.0350209096272787, "train accuracy": 0.1, "valid loss": 2.2016689765930177, "valid accuracy": 0.1, "_timestamp": 1711748428.5035179, "_runtime": 131.8536069393158, "_step": 10, "_wandb": {"runtime": 132}}