{"epoch": 10, "valid_loss": 212.20586552619935, "_timestamp": 1711663176.5268621, "_runtime": 80.29806613922119, "_step": 10, "train_loss": 214.5325885853869, "_wandb": {"runtime": 82}}