{"epoch": 10, "train_loss": 80.77930450439453, "valid_loss": 212.20586552619935, "_timestamp": 1711662050.934507, "_runtime": 88.84916186332703, "_step": 10, "_wandb": {"runtime": 91}}