{"epoch": 10, "train loss": 0.05232035741209984, "valid loss": 0.12215305119752884, "train accuracy": 0.9868, "valid accuracy": 0.9628, "_timestamp": 1711583542.843617, "_runtime": 84.58304691314697, "_step": 10, "time": 3.6274352073669434, "_wandb": {"runtime": 85}}