{"train loss": 0.6072594632466635, "valid loss": 0.6529304026603698, "train accuracy": 87.685, "valid accuracy": 85.87, "time": 18.232095956802368, "eigenvalue ratio 1": 0.516406238079071, "eigenvalue trace 1": 11.85398006439209, "eigenvalue ratio 2": 0.5047851800918579, "eigenvalue trace 2": 5.519583702087402, "eigenvalue ratio 3": 0.5126953125, "eigenvalue trace 3": 6.957469940185547, "eigenvalue ratio 4": 0.517285168170929, "eigenvalue trace 4": 7.067547798156738, "eigenvalue ratio 5": 0.9074999690055847, "eigenvalue trace 5": 9.336417198181152, "_timestamp": 1711116612.072953, "_runtime": 256.71951508522034, "_step": 5, "_wandb": {"runtime": 288}}