{"epoch": 10, "train_loss": 80.77930450439453, "valid_loss": 212.20586552619935, "_timestamp": 1711662689.034862, "_runtime": 89.94146013259888, "_step": 10, "_wandb": {"runtime": 91}}