{"epoch": 10, "train loss": 0.8415707260131836, "train accuracy": 0.9757, "valid loss": 0.8503253376960754, "valid accuracy": 0.9665, "_timestamp": 1711665956.011242, "_runtime": 138.4429168701172, "_step": 10, "_wandb": {"runtime": 140}}