{"epoch": 10, "train loss": 0.05232035741209984, "valid loss": 0.12215305119752884, "train accuracy": 0.9868, "valid accuracy": 0.9628, "_timestamp": 1711580207.2600262, "_runtime": 81.20028328895569, "_step": 10, "time": 3.286500930786133, "_wandb": {"runtime": 82}}