{"train loss": 0.09966880083084106, "valid loss": 0.13713990151882172, "train accuracy": 0.9721666666666666, "valid accuracy": 0.9594, "time": 70.14271473884583, "eigenvalue ratio 1": 0.995312511920929, "eigenvalue trace 1": 173.28994750976562, "eigenvalue ratio 2": 0.994335949420929, "eigenvalue trace 2": 178.045654296875, "eigenvalue ratio 3": 0.994433581829071, "eigenvalue trace 3": 177.6995849609375, "eigenvalue ratio 4": 0.994335949420929, "eigenvalue trace 4": 176.93814086914062, "eigenvalue ratio 5": 0.932499885559082, "eigenvalue trace 5": 13.622851371765137, "_timestamp": 1711118636.922156, "_runtime": 1042.392084121704, "_step": 10, "_wandb": {"runtime": 1044}}