{"epoch": 10, "train loss": 0.05232035741209984, "valid loss": 0.12215305119752884, "train accuracy": 0.9868, "valid accuracy": 0.9628, "_timestamp": 1711586626.4780428, "_runtime": 88.08543992042542, "_step": 10, "time": 3.9242608547210693, "_wandb": {"runtime": 87}}