{"train loss": 0.5679177045822144, "valid loss": 0.6255723834037781, "train accuracy": 0.8930833333333333, "valid accuracy": 0.8685, "time": 18.339892864227295, "eigenvalue ratio 1": 0.515820324420929, "eigenvalue trace 1": 9.523767471313477, "eigenvalue ratio 2": 0.512011706829071, "eigenvalue trace 2": 4.938942909240723, "eigenvalue ratio 3": 0.512988269329071, "eigenvalue trace 3": 6.979272365570068, "eigenvalue ratio 4": 0.507519543170929, "eigenvalue trace 4": 6.018481731414795, "eigenvalue ratio 5": 0.919999897480011, "eigenvalue trace 5": 8.706331253051758, "_timestamp": 1711061843.57058, "_runtime": 469.53372502326965, "_step": 10, "_wandb": {"runtime": 471}}