{"train loss": 0.5657500624656677, "valid loss": 0.6243403553962708, "train accuracy": 0.89295, "valid accuracy": 0.866, "time": 18.57964324951172, "eigenvalue ratio 1": 0.5196288824081421, "eigenvalue trace 1": 12.310059547424316, "eigenvalue ratio 2": 0.5106445550918579, "eigenvalue trace 2": 6.008270263671875, "eigenvalue ratio 3": 0.512988269329071, "eigenvalue trace 3": 7.612843990325928, "eigenvalue ratio 4": 0.516894519329071, "eigenvalue trace 4": 7.343163967132568, "eigenvalue ratio 5": 0.8974999189376831, "eigenvalue trace 5": 9.739762306213379, "_timestamp": 1711117193.085658, "_runtime": 475.45130705833435, "_step": 10, "_wandb": {"runtime": 477}}