{"train loss": 0.3815416395664215, "valid loss": 0.4042322039604187, "train accuracy": 0.9815666666666667, "valid accuracy": 0.9706, "time": 18.129202842712402, "eigenvalue ratio 1": 0.518261730670929, "eigenvalue trace 1": 13.0840482711792, "eigenvalue ratio 2": 0.50927734375, "eigenvalue trace 2": 6.736409664154053, "eigenvalue ratio 3": 0.514941394329071, "eigenvalue trace 3": 7.692063331604004, "eigenvalue ratio 4": 0.516308605670929, "eigenvalue trace 4": 8.624643325805664, "eigenvalue ratio 5": 0.9099998474121094, "eigenvalue trace 5": 9.504758834838867, "_timestamp": 1711119496.730946, "_runtime": 468.6420171260834, "_step": 10, "_wandb": {"runtime": 470}}