{"train loss": 0.415752649307251, "valid loss": 0.4324248135089874, "train accuracy": 0.9730166666666666, "valid accuracy": 0.966, "time": 18.224318981170654, "eigenvalue ratio 1": 0.518261730670929, "eigenvalue trace 1": 10.108525276184082, "eigenvalue ratio 2": 0.5044921636581421, "eigenvalue trace 2": 4.701976776123047, "eigenvalue ratio 3": 0.5069335699081421, "eigenvalue trace 3": 6.261336326599121, "eigenvalue ratio 4": 0.51123046875, "eigenvalue trace 4": 6.925726413726807, "eigenvalue ratio 5": 0.8999999761581421, "eigenvalue trace 5": 8.458480834960938, "_timestamp": 1711060242.89185, "_runtime": 463.8473610877991, "_step": 10, "_wandb": {"runtime": 466}}