{"train loss": 0.3251320421695709, "valid loss": 0.4002586901187897, "train accuracy": 0.8843833333333333, "valid accuracy": 0.8603, "time": 66.99015402793884, "eigenvalue ratio 1": 0.996386706829071, "eigenvalue trace 1": 175.52279663085938, "eigenvalue ratio 2": 0.996289074420929, "eigenvalue trace 2": 164.28578186035156, "eigenvalue ratio 3": 0.9931640625, "eigenvalue trace 3": 168.56430053710938, "eigenvalue ratio 4": 0.994433581829071, "eigenvalue trace 4": 167.3555450439453, "eigenvalue ratio 5": 0.925000011920929, "eigenvalue trace 5": 11.27662467956543, "_timestamp": 1711065450.7096288, "_runtime": 997.5551128387451, "_step": 10, "_wandb": {"runtime": 999}}