{"epoch": 0, "train loss": 6.98075532913208, "valid loss": 6.98204231262207, "train accuracy": 0.04148333333333333, "valid accuracy": 0.0401, "_timestamp": 1711583834.6698198, "_runtime": 8.812702894210815, "_step": 0, "_wandb": {"runtime": 12}}