{"train loss": 0.13280008733272552, "valid loss": 0.15609118342399597, "train accuracy": 0.9630833333333333, "valid accuracy": 0.9539, "time": 67.03512811660767, "eigenvalue ratio 1": 0.9942382574081421, "eigenvalue trace 1": 181.14625549316406, "eigenvalue ratio 2": 0.995410144329071, "eigenvalue trace 2": 184.73507690429688, "eigenvalue ratio 3": 0.994824230670929, "eigenvalue trace 3": 187.4996337890625, "eigenvalue ratio 4": 0.9947265386581421, "eigenvalue trace 4": 185.66258239746094, "eigenvalue ratio 5": 0.925000011920929, "eigenvalue trace 5": 12.724692344665527, "_timestamp": 1711063142.7350788, "_runtime": 1010.9377179145813, "_step": 10, "_wandb": {"runtime": 1013}}