{"epoch": 0, "train loss": 6.98075532913208, "valid loss": 6.98204231262207, "train accuracy": 0.04148333333333333, "valid accuracy": 0.0401, "_timestamp": 1711583309.067169, "_runtime": 8.558944940567017, "_step": 0, "_wandb": {"runtime": 14}}