{"epoch": 10, "train loss": 1.2577988947550456, "train accuracy": 0.6951333333333334, "valid loss": 1.2776975416183471, "valid accuracy": 0.6796, "_timestamp": 1711748895.0552719, "_runtime": 123.07979583740234, "_step": 10, "_wandb": {"runtime": 125}}