{"epoch": 10, "train loss": 2.170721891784668, "train accuracy": 0.13181666666666667, "valid loss": 2.172821925354004, "valid accuracy": 0.1318, "_timestamp": 1711666335.581503, "_runtime": 133.12120985984802, "_step": 10, "_wandb": {"runtime": 135}}