{"train loss": 0.33102115988731384, "valid loss": 0.40238985419273376, "train accuracy": 0.8824, "valid accuracy": 0.8562, "time": 71.32047486305237, "eigenvalue ratio 1": 0.994921863079071, "eigenvalue trace 1": 182.2775115966797, "eigenvalue ratio 2": 0.9937499761581421, "eigenvalue trace 2": 162.75088500976562, "eigenvalue ratio 3": 0.9940429925918579, "eigenvalue trace 3": 155.6205596923828, "eigenvalue ratio 4": 0.993847668170929, "eigenvalue trace 4": 155.23312377929688, "eigenvalue ratio 5": 0.9499999284744263, "eigenvalue trace 5": 10.783326148986816, "_timestamp": 1711116262.692181, "_runtime": 1050.655032157898, "_step": 10, "_wandb": {"runtime": 1052}}