{"epoch": 10, "train loss": 0.8255808113098144, "train accuracy": 0.9848166666666667, "valid loss": 0.836898272228241, "valid accuracy": 0.9746, "_timestamp": 1711669392.620363, "_runtime": 132.94947791099548, "_step": 10, "_wandb": {"runtime": 135}}