{"epoch": 10, "train loss": 0.8415707260131836, "train accuracy": 0.9757, "valid loss": 0.8503253376960754, "valid accuracy": 0.9665, "_timestamp": 1711665165.058357, "_runtime": 128.16453194618225, "_step": 10, "_wandb": {"runtime": 129}}