{"epoch": 10, "train loss": 2.1687992833455403, "train accuracy": 0.14115, "valid loss": 2.165624536895752, "valid accuracy": 0.1407, "_timestamp": 1711668197.765153, "_runtime": 128.18009305000305, "_step": 10, "_wandb": {"runtime": 129}}