{"epoch": 10, "train loss": 2.3025851249694824, "valid loss": 2.3025853633880615, "train accuracy": 0.1, "valid accuracy": 0.1, "_timestamp": 1711580368.374837, "_runtime": 71.76012301445007, "_step": 10, "time": 2.7933509349823, "_wandb": {"runtime": 72}}